{
  "total_return": -1.4551915228366853e-16,
  "annualized_return": -8.315380130495344e-17,
  "volatility": 6.547419289639231e-16,
  "sharpe_ratio": -30546386469625.504,
  "max_drawdown": -1.1102230246251565e-16,
  "final_value": 99999.99999999999,
  "total_trades": 0
}